feature_1,feature_2,interaction_strength
activity_gross,claim_net,0.12665051
activity_code,activity_gross,0.0845119
claim_gross,claim_net,0.08002382
activity_code,claim_net,0.07623795
activity_gross,primary_diagnosis_code,0.07020109
activity_code,primary_diagnosis_code,0.06846315
activity_gross,cpt_category,0.063983686
activity_code,claim_gross,0.053813193
activity_gross,claim_gross,0.05251647
activity_code,cpt_category,0.047836885
activity_gross,clinician_profession,0.039055377
activity_code,primary_diagnosis_category,0.039017342
activity_code,clinician_profession,0.03773977
claim_net,primary_diagnosis_code,0.03751406
claim_net,cpt_category,0.03227698
primary_diagnosis_code,cpt_category,0.03119516
claim_gross,cpt_category,0.02891782
activity_gross,primary_diagnosis_category,0.028511036
activity_code,secondary_dx_count,0.028404757
patient_age,primary_diagnosis_code,0.023742562
claim_net,clinician_profession,0.022880401
activity_code,secondary_endocrinology,0.02260638
primary_diagnosis_code,secondary_dx_count,0.022044888
claim_gross,clinician_profession,0.021310478
claim_gross,primary_diagnosis_code,0.021126878
primary_diagnosis_code,primary_diagnosis_category,0.02041037
clinician_profession,cpt_category,0.02015578
activity_code,patient_age,0.019918233
claim_net,secondary_dx_count,0.018729515
activity_gross,secondary_dx_count,0.018465249
activity_gross,patient_age,0.018418781
clinician_profession,primary_diagnosis_code,0.017246269
claim_gross,secondary_dx_count,0.016711636
secondary_endocrinology,cpt_category,0.016679414
activity_code,secondary_factors_influencing_health_status,0.015424998
clinician_profession,secondary_factors_influencing_health_status,0.015142711
secondary_dx_count,cpt_category,0.014145792
clinician_profession,primary_diagnosis_category,0.013912872
primary_diagnosis_category,cpt_category,0.013850779
claim_gross,primary_diagnosis_category,0.0128416605
patient_age,claim_gross,0.012688822
patient_age,claim_net,0.012529772
activity_gross,secondary_musculoskeletal,0.012284163
patient_age,clinician_profession,0.01211805
claim_net,primary_diagnosis_category,0.011869044
activity_code,secondary_musculoskeletal,0.011379475
patient_age,secondary_dx_count,0.011316401
activity_code,secondary_oncology_hematology,0.0112943575
length_of_stay,primary_diagnosis_code,0.011052707
primary_diagnosis_category,secondary_dx_count,0.009987383
activity_code,secondary_gastroenterology_dental,0.009016279
patient_age,primary_diagnosis_category,0.008706435
activity_gross,secondary_endocrinology,0.008364811
activity_gross,secondary_factors_influencing_health_status,0.008346689
patient_age,cpt_category,0.008229986
activity_code,secondary_cardiology,0.008141427
clinician_profession,secondary_dx_count,0.008055977
primary_diagnosis_code,secondary_general_symptoms,0.007788883
claim_net,secondary_endocrinology,0.0073099853
activity_code,secondary_general_symptoms,0.0071641444
length_of_stay,clinician_profession,0.0069683073
activity_gross,encounter_type,0.0068616793
nationality,claim_net,0.0068028467
primary_diagnosis_code,secondary_gastroenterology_dental,0.0065580006
claim_gross,secondary_endocrinology,0.0065124235
activity_code,nationality,0.0064785373
primary_diagnosis_code,secondary_endocrinology,0.0064303395
secondary_factors_influencing_health_status,cpt_category,0.006268657
claim_gross,secondary_gastroenterology_dental,0.0061537116
claim_net,secondary_factors_influencing_health_status,0.0058993655
activity_gross,length_of_stay,0.005835721
activity_gross,secondary_general_symptoms,0.005729082
patient_age,secondary_endocrinology,0.0057156743
secondary_dx_count,secondary_general_symptoms,0.0056723366
nationality,cpt_category,0.0056618624
claim_gross,secondary_factors_influencing_health_status,0.005657682
secondary_musculoskeletal,cpt_category,0.0054234075
claim_gross,length_of_stay,0.0051608123
clinician_profession,secondary_endocrinology,0.005056582
activity_code,length_of_stay,0.0050221235
activity_code,gender,0.004979947
primary_diagnosis_code,secondary_factors_influencing_health_status,0.0049391896
primary_diagnosis_category,secondary_endocrinology,0.004927446
clinician_profession,secondary_musculoskeletal,0.0049219606
primary_diagnosis_category,secondary_factors_influencing_health_status,0.0046047033
claim_net,secondary_musculoskeletal,0.004603092
activity_code,secondary_pulmonology,0.0045583886
activity_gross,nationality,0.0044884076
secondary_dx_count,secondary_cardiology,0.0043783146
gender,claim_gross,0.0040665464
claim_net,length_of_stay,0.003772851
gender,primary_diagnosis_code,0.0037369046
secondary_general_symptoms,cpt_category,0.0037228588
activity_gross,secondary_oncology_hematology,0.0036226697
primary_diagnosis_code,secondary_musculoskeletal,0.0034823345
patient_age,secondary_musculoskeletal,0.0034358874
activity_gross,secondary_gastroenterology_dental,0.0034048813
primary_diagnosis_category,secondary_musculoskeletal,0.0033001942
claim_net,secondary_general_symptoms,0.0032631697
patient_age,secondary_general_symptoms,0.003239202
activity_gross,gender,0.0031917675
clinician_profession,secondary_gastroenterology_dental,0.00318395
activity_code,activity_quantity,0.003145922
primary_diagnosis_code,secondary_pulmonology,0.003131085
patient_age,gender,0.0031276478
patient_age,secondary_gastroenterology_dental,0.003081406
claim_net,secondary_gastroenterology_dental,0.003016359
activity_gross,secondary_pulmonology,0.003009557
nationality,primary_diagnosis_code,0.0029932202
claim_gross,secondary_musculoskeletal,0.0029691705
claim_gross,secondary_general_symptoms,0.0029564237
nationality,claim_gross,0.0029500332
secondary_cardiology,cpt_category,0.002937626
patient_age,secondary_factors_influencing_health_status,0.0029040389
length_of_stay,cpt_category,0.00288343
patient_age,secondary_cardiology,0.0026845655
patient_age,length_of_stay,0.0026756092
gender,primary_diagnosis_category,0.0026409272
secondary_gastroenterology_dental,cpt_category,0.002630746
gender,claim_net,0.00259803
primary_diagnosis_category,secondary_general_symptoms,0.002585011
secondary_dx_count,secondary_gastroenterology_dental,0.0025829673
secondary_dx_count,secondary_factors_influencing_health_status,0.0025644773
clinician_profession,secondary_cardiology,0.0025631348
primary_diagnosis_code,secondary_external_causes,0.0024963776
secondary_dx_count,secondary_endocrinology,0.0024841682
secondary_dx_count,secondary_musculoskeletal,0.0024817693
encounter_type,cpt_category,0.0024706526
activity_gross,facility_type,0.002442761
length_of_stay,secondary_dx_count,0.0024391653
patient_age,nationality,0.0024118258
activity_gross,secondary_infectious,0.002379704
length_of_stay,primary_diagnosis_category,0.0023683312
clinician_profession,secondary_general_symptoms,0.0023498302
activity_quantity,activity_gross,0.0023076688
primary_diagnosis_code,secondary_cardiology,0.002217038
patient_age,secondary_neurology,0.0021806797
primary_diagnosis_category,secondary_pulmonology,0.0021334218
activity_code,encounter_type,0.0020828373
nationality,clinician_profession,0.0020783471
clinician_profession,secondary_infectious,0.0020386286
clinician_profession,secondary_pulmonology,0.0019874284
nationality,primary_diagnosis_category,0.0018720541
activity_gross,secondary_cardiology,0.0018589954
gender,secondary_dx_count,0.0018066339
gender,clinician_profession,0.0017894122
facility_type,cpt_category,0.0017632478
claim_net,secondary_pulmonology,0.0017579696
claim_net,secondary_cardiology,0.0017528305
primary_diagnosis_category,secondary_cardiology,0.001748805
secondary_endocrinology,secondary_cardiology,0.0017336839
claim_gross,secondary_pulmonology,0.0017287016
activity_code,facility_type,0.0017164856
claim_gross,secondary_cardiology,0.0017004785
claim_net,secondary_genitourinary,0.0016920503
activity_code,secondary_genitourinary,0.0016816658
secondary_dx_count,secondary_oncology_hematology,0.0016583836
claim_gross,secondary_genitourinary,0.001658323
primary_diagnosis_category,secondary_gastroenterology_dental,0.0016337378
patient_age,secondary_infectious,0.001618876
patient_age,secondary_pulmonology,0.0016090487
gender,secondary_general_symptoms,0.0015975577
activity_code,secondary_neurology,0.0015808456
primary_diagnosis_code,secondary_infectious,0.0015681696
secondary_musculoskeletal,secondary_factors_influencing_health_status,0.0015606654
activity_code,secondary_infectious,0.0015544124
clinician_profession,secondary_oncology_hematology,0.0015155537
patient_age,secondary_genitourinary,0.0014959447
claim_net,secondary_infectious,0.0014848614
secondary_pulmonology,cpt_category,0.0014641876
claim_gross,secondary_eye_ear,0.0014563992
claim_net,secondary_oncology_hematology,0.0014553606
gender,cpt_category,0.0014249806
activity_gross,secondary_external_causes,0.0014175761
nationality,secondary_dx_count,0.0013613822
claim_net,facility_type,0.0013427875
secondary_dx_count,secondary_infectious,0.001292441
secondary_dx_count,secondary_neurology,0.0012782972
claim_gross,facility_type,0.0012720522
primary_diagnosis_code,secondary_oncology_hematology,0.0012688788
primary_diagnosis_category,secondary_genitourinary,0.0012354093
primary_diagnosis_code,secondary_dermatology,0.0012333046
patient_age,secondary_oncology_hematology,0.0011973452
primary_diagnosis_code,secondary_trauma_burns_poisoning,0.0011904306
claim_gross,secondary_oncology_hematology,0.0011789328
claim_gross,secondary_neurology,0.0011434238
secondary_dx_count,secondary_pulmonology,0.0011392611
activity_quantity,claim_net,0.0011185703
claim_gross,secondary_infectious,0.0010827841
clinician_profession,secondary_genitourinary,0.0010777385
secondary_endocrinology,secondary_factors_influencing_health_status,0.0010756151
length_of_stay,secondary_gastroenterology_dental,0.0010735916
clinician_profession,facility_type,0.0010686403
length_of_stay,secondary_general_symptoms,0.0010629025
activity_gross,secondary_trauma_burns_poisoning,0.001013797
primary_diagnosis_category,secondary_infectious,0.0010112956
claim_net,secondary_neurology,0.0010075679
claim_gross,secondary_psychiatry,0.0010024257
gender,secondary_endocrinology,0.0009886038
gender,secondary_genitourinary,0.0009796984
patient_age,secondary_dermatology,0.00096366345
activity_quantity,claim_gross,0.0009567636
claim_net,secondary_psychiatry,0.00093651714
primary_diagnosis_code,secondary_genitourinary,0.00093274866
facility_type,primary_diagnosis_code,0.0009154524
nationality,secondary_musculoskeletal,0.00091259205
encounter_type,clinician_profession,0.00090907473
activity_gross,secondary_genitourinary,0.0009007818
secondary_gastroenterology_dental,secondary_general_symptoms,0.00089746213
claim_gross,secondary_dermatology,0.0008914059
activity_code,secondary_eye_ear,0.0008849803
activity_code,secondary_dermatology,0.0008755934
activity_quantity,primary_diagnosis_code,0.00086857204
claim_net,encounter_type,0.0008490681
secondary_cardiology,secondary_general_symptoms,0.000848291
patient_age,secondary_eye_ear,0.00084702886
secondary_dx_count,secondary_eye_ear,0.0008463755
activity_code,secondary_external_causes,0.00084596284
secondary_gastroenterology_dental,secondary_factors_influencing_health_status,0.00083248405
encounter_type,secondary_dx_count,0.00081695634
claim_net,secondary_dermatology,0.00080785644
secondary_dx_count,secondary_genitourinary,0.0008074295
clinician_profession,secondary_trauma_burns_poisoning,0.00080131984
secondary_oncology_hematology,cpt_category,0.0007957643
activity_quantity,facility_type,0.0007942311
secondary_infectious,secondary_general_symptoms,0.0007929318
activity_gross,secondary_neurology,0.0007710535
activity_code,secondary_trauma_burns_poisoning,0.0007646878
secondary_oncology_hematology,secondary_factors_influencing_health_status,0.00075433316
claim_net,secondary_obgyn,0.0007376886
gender,secondary_factors_influencing_health_status,0.00073685136
claim_net,secondary_trauma_burns_poisoning,0.0007315742
secondary_cardiology,secondary_factors_influencing_health_status,0.0007303802
activity_quantity,primary_diagnosis_category,0.00071849
primary_diagnosis_category,secondary_oncology_hematology,0.00070393825
activity_quantity,patient_age,0.00068670046
nationality,secondary_infectious,0.0006675305
length_of_stay,secondary_endocrinology,0.00066296814
secondary_musculoskeletal,secondary_genitourinary,0.0006535255
secondary_endocrinology,secondary_gastroenterology_dental,0.0006490912
claim_net,secondary_eye_ear,0.0006481737
primary_diagnosis_category,secondary_eye_ear,0.00064798904
secondary_endocrinology,secondary_general_symptoms,0.0006387031
nationality,secondary_gastroenterology_dental,0.00063648546
activity_gross,secondary_dermatology,0.0006191029
secondary_dx_count,secondary_dermatology,0.0006161388
gender,secondary_musculoskeletal,0.0006149664
patient_age,secondary_external_causes,0.00061131944
secondary_dx_count,secondary_obgyn,0.00060602115
secondary_genitourinary,secondary_factors_influencing_health_status,0.0005960185
activity_quantity,cpt_category,0.0005908882
secondary_dx_count,secondary_trauma_burns_poisoning,0.0005895121
secondary_general_symptoms,secondary_factors_influencing_health_status,0.00058820547
patient_age,secondary_obgyn,0.0005874364
secondary_infectious,cpt_category,0.00058404694
activity_code,secondary_psychiatry,0.0005815399
facility_type,secondary_dx_count,0.00058139587
secondary_endocrinology,secondary_musculoskeletal,0.00058124814
length_of_stay,secondary_cardiology,0.00057223195
secondary_pulmonology,secondary_general_symptoms,0.0005675254
secondary_dx_count,secondary_psychiatry,0.0005663906
secondary_genitourinary,cpt_category,0.00056568097
nationality,secondary_factors_influencing_health_status,0.00056437514
nationality,secondary_general_symptoms,0.00056085584
length_of_stay,secondary_factors_influencing_health_status,0.00055888953
secondary_pulmonology,secondary_musculoskeletal,0.00055863865
patient_age,secondary_trauma_burns_poisoning,0.0005561685
patient_age,secondary_psychiatry,0.000555918
secondary_musculoskeletal,secondary_general_symptoms,0.0005484061
secondary_gastroenterology_dental,secondary_musculoskeletal,0.00054479373
activity_quantity,clinician_profession,0.0005367773
primary_diagnosis_code,secondary_neurology,0.0005359446
secondary_neurology,cpt_category,0.0005357428
gender,nationality,0.00053411943
activity_gross,secondary_eye_ear,0.0005271655
secondary_oncology_hematology,secondary_genitourinary,0.0005269462
secondary_eye_ear,cpt_category,0.00052686443
patient_age,facility_type,0.0005256774
nationality,secondary_endocrinology,0.0005246488
secondary_genitourinary,secondary_general_symptoms,0.00052412716
primary_diagnosis_category,secondary_neurology,0.0005224504
primary_diagnosis_category,secondary_trauma_burns_poisoning,0.0005184508
gender,length_of_stay,0.0005180005
primary_diagnosis_code,secondary_eye_ear,0.0005163275
facility_type,primary_diagnosis_category,0.0005119754
secondary_endocrinology,secondary_pulmonology,0.00051127863
secondary_infectious,secondary_endocrinology,0.0005063355
primary_diagnosis_category,secondary_oncology,0.00050123583
secondary_endocrinology,secondary_genitourinary,0.0004989821
gender,secondary_gastroenterology_dental,0.0004978262
secondary_dx_count,secondary_external_causes,0.00048050075
primary_diagnosis_code,secondary_psychiatry,0.000479383
clinician_profession,secondary_dermatology,0.0004685387
claim_net,secondary_external_causes,0.0004679382
activity_quantity,secondary_dx_count,0.00046333676
gender,secondary_cardiology,0.0004495631
secondary_cardiology,secondary_gastroenterology_dental,0.00043884586
encounter_type,primary_diagnosis_category,0.00043784417
primary_diagnosis_category,secondary_dermatology,0.0004373982
encounter_type,primary_diagnosis_code,0.00043510777
secondary_external_causes,cpt_category,0.00043391826
activity_quantity,secondary_dermatology,0.00042381638
secondary_cardiology,secondary_dermatology,0.00042315657
facility_type,secondary_gastroenterology_dental,0.0004224327
clinician_profession,secondary_eye_ear,0.0004183349
primary_diagnosis_category,secondary_external_causes,0.00041805758
encounter_type,length_of_stay,0.0004121097
claim_gross,encounter_type,0.00040739373
claim_gross,secondary_obgyn,0.00040516848
primary_diagnosis_category,secondary_obgyn,0.00039601154
secondary_cardiology,secondary_musculoskeletal,0.00039438557
secondary_oncology_hematology,secondary_gastroenterology_dental,0.00039248972
secondary_cardiology,secondary_genitourinary,0.00038919496
clinician_profession,secondary_obgyn,0.00038790138
activity_code,secondary_congenital,0.0003753371
activity_code,secondary_obgyn,0.00036688408
nationality,secondary_oncology_hematology,0.00036486585
activity_gross,secondary_psychiatry,0.0003514926
facility_type,secondary_endocrinology,0.00033989662
primary_diagnosis_code,secondary_obgyn,0.00033511748
gender,secondary_external_causes,0.00033270358
clinician_profession,secondary_external_causes,0.0003134619
secondary_congenital,cpt_category,0.00031203742
secondary_oncology_hematology,secondary_endocrinology,0.00031146785
secondary_oncology_hematology,secondary_musculoskeletal,0.00029648023
patient_age,encounter_type,0.00029386114
activity_quantity,secondary_factors_influencing_health_status,0.0002926639
secondary_pulmonology,secondary_factors_influencing_health_status,0.00029154588
claim_gross,secondary_trauma_burns_poisoning,0.00029139005
clinician_profession,secondary_neurology,0.00028451538
clinician_profession,secondary_psychiatry,0.00028406925
secondary_trauma_burns_poisoning,cpt_category,0.00028178218
patient_age,secondary_congenital,0.0002767591
nationality,secondary_cardiology,0.00027144136
nationality,secondary_dermatology,0.0002711894
secondary_oncology_hematology,secondary_general_symptoms,0.00026494722
activity_quantity,secondary_gastroenterology_dental,0.0002585163
activity_quantity,secondary_musculoskeletal,0.00025184857
claim_gross,secondary_congenital,0.00025056096
facility_type,secondary_cardiology,0.00024703573
gender,secondary_psychiatry,0.00024572777
activity_code,secondary_oncology,0.00024536875
secondary_eye_ear,secondary_factors_influencing_health_status,0.0002426408
claim_gross,secondary_external_causes,0.00023948435
nationality,secondary_pulmonology,0.00022829017
secondary_oncology_hematology,secondary_obgyn,0.00022706995
secondary_neurology,secondary_gastroenterology_dental,0.00022391394
facility_type,secondary_factors_influencing_health_status,0.00022203934
length_of_stay,secondary_genitourinary,0.00021739927
secondary_dermatology,cpt_category,0.00021619817
gender,secondary_pulmonology,0.00021151807
primary_diagnosis_category,secondary_psychiatry,0.00021125293
secondary_infectious,secondary_musculoskeletal,0.00020856196
activity_quantity,gender,0.0002045233
secondary_infectious,secondary_oncology_hematology,0.00020089706
length_of_stay,secondary_neurology,0.00019986706
gender,secondary_dermatology,0.00019866574
secondary_eye_ear,secondary_general_symptoms,0.0001969368
secondary_neurology,secondary_musculoskeletal,0.00019478054
secondary_pulmonology,secondary_genitourinary,0.00019470164
secondary_gastroenterology_dental,secondary_dermatology,0.00019458565
nationality,facility_type,0.00019420858
secondary_infectious,secondary_gastroenterology_dental,0.00018922161
activity_gross,secondary_obgyn,0.00018670228
nationality,secondary_eye_ear,0.00018198341
secondary_oncology_hematology,secondary_cardiology,0.00018133578
secondary_psychiatry,cpt_category,0.00018128681
gender,secondary_eye_ear,0.00018127807
length_of_stay,secondary_psychiatry,0.00017994117
gender,secondary_neurology,0.00017847924
secondary_pulmonology,secondary_trauma_burns_poisoning,0.00017828082
secondary_infectious,secondary_factors_influencing_health_status,0.00017780176
secondary_infectious,secondary_dermatology,0.00017558309
secondary_psychiatry,secondary_general_symptoms,0.00017329014
secondary_general_symptoms,secondary_external_causes,0.00017222905
secondary_pulmonology,secondary_gastroenterology_dental,0.00016542771
facility_type,secondary_pulmonology,0.00016510306
secondary_pulmonology,secondary_dermatology,0.00015743265
secondary_musculoskeletal,secondary_obgyn,0.00015569192
gender,secondary_oncology_hematology,0.00015289163
activity_quantity,nationality,0.00015251723
secondary_oncology_hematology,secondary_psychiatry,0.00015200942
secondary_trauma_burns_poisoning,secondary_external_causes,0.00014969957
secondary_neurology,secondary_general_symptoms,0.00014761831
activity_quantity,secondary_cardiology,0.00014702957
secondary_psychiatry,secondary_pulmonology,0.00014337647
secondary_obgyn,secondary_factors_influencing_health_status,0.00014302036
secondary_endocrinology,secondary_psychiatry,0.0001426537
nationality,length_of_stay,0.00014060286
secondary_endocrinology,secondary_eye_ear,0.00013842604
activity_gross,secondary_congenital,0.0001362411
secondary_eye_ear,secondary_cardiology,0.00013550118
secondary_dermatology,secondary_general_symptoms,0.00013492376
secondary_dx_count,secondary_congenital,0.0001321654
secondary_gastroenterology_dental,secondary_genitourinary,0.00013083214
secondary_obgyn,cpt_category,0.00013074293
length_of_stay,secondary_infectious,0.00012994108
secondary_endocrinology,secondary_neurology,0.00012782031
secondary_musculoskeletal,secondary_trauma_burns_poisoning,0.00012625188
length_of_stay,secondary_musculoskeletal,0.0001251612
gender,secondary_infectious,0.00012211602
secondary_dermatology,secondary_factors_influencing_health_status,0.00011905323
secondary_dermatology,secondary_musculoskeletal,0.00011892137
secondary_eye_ear,secondary_pulmonology,0.00011597515
nationality,secondary_external_causes,0.00011534524
secondary_infectious,secondary_cardiology,0.00011380929
secondary_neurology,secondary_cardiology,0.00011250131
secondary_neurology,secondary_factors_influencing_health_status,0.00010892207
primary_diagnosis_code,secondary_congenital,0.00010851639
secondary_musculoskeletal,secondary_external_causes,0.0001080571
gender,facility_type,0.00010772308
secondary_infectious,secondary_trauma_burns_poisoning,0.00010677538
secondary_external_causes,secondary_factors_influencing_health_status,0.00010506949
activity_quantity,secondary_general_symptoms,0.000104729625
activity_quantity,secondary_infectious,0.00010455189
nationality,encounter_type,0.000104221515
facility_type,secondary_musculoskeletal,0.000103271064
length_of_stay,secondary_dermatology,0.00010322807
length_of_stay,secondary_trauma_burns_poisoning,0.00010266779
secondary_oncology,secondary_cardiology,9.786339e-05
facility_type,secondary_general_symptoms,9.644599e-05
secondary_dermatology,secondary_genitourinary,9.573989e-05
secondary_cardiology,secondary_pulmonology,9.538809e-05
secondary_congenital,secondary_general_symptoms,9.475195e-05
secondary_dermatology,secondary_trauma_burns_poisoning,9.387858e-05
secondary_oncology_hematology,secondary_trauma_burns_poisoning,9.1862465e-05
length_of_stay,secondary_oncology_hematology,9.005833e-05
secondary_neurology,secondary_eye_ear,8.970377e-05
encounter_type,secondary_factors_influencing_health_status,8.942765e-05
clinician_profession,secondary_congenital,8.921857e-05
nationality,secondary_neurology,8.829876e-05
activity_quantity,secondary_pulmonology,8.8114146e-05
secondary_neurology,secondary_genitourinary,8.712728e-05
secondary_psychiatry,secondary_musculoskeletal,8.709321e-05
nationality,secondary_genitourinary,8.668365e-05
secondary_eye_ear,secondary_gastroenterology_dental,8.326476e-05
secondary_eye_ear,secondary_musculoskeletal,8.279962e-05
secondary_obgyn,secondary_general_symptoms,8.2139384e-05
length_of_stay,secondary_pulmonology,8.119233e-05
secondary_psychiatry,secondary_gastroenterology_dental,7.9718404e-05
claim_net,secondary_congenital,7.970699e-05
activity_quantity,secondary_endocrinology,7.872508e-05
encounter_type,secondary_general_symptoms,7.682729e-05
secondary_eye_ear,secondary_genitourinary,7.5038224e-05
secondary_gastroenterology_dental,secondary_trauma_burns_poisoning,7.5031094e-05
secondary_oncology_hematology,secondary_eye_ear,7.469432e-05
clinician_profession,secondary_oncology,7.1589806e-05
secondary_infectious,secondary_eye_ear,6.7891284e-05
secondary_psychiatry,secondary_cardiology,6.729461e-05
secondary_psychiatry,secondary_factors_influencing_health_status,6.5379885e-05
secondary_cardiology,secondary_obgyn,6.347107e-05
gender,encounter_type,6.298743e-05
secondary_dermatology,secondary_obgyn,6.287359e-05
secondary_neurology,secondary_pulmonology,5.893463e-05
secondary_dx_count,secondary_oncology,5.8555728e-05
gender,secondary_trauma_burns_poisoning,5.7192694e-05
claim_net,secondary_oncology,5.6202734e-05
secondary_eye_ear,secondary_dermatology,5.5917844e-05
secondary_endocrinology,secondary_dermatology,5.4739856e-05
encounter_type,secondary_endocrinology,5.468452e-05
secondary_general_symptoms,secondary_trauma_burns_poisoning,5.3928474e-05
encounter_type,secondary_gastroenterology_dental,5.3273812e-05
encounter_type,secondary_genitourinary,5.2020176e-05
secondary_endocrinology,secondary_obgyn,5.1991745e-05
secondary_oncology_hematology,secondary_neurology,5.1128456e-05
secondary_infectious,secondary_pulmonology,5.11026e-05
facility_type,secondary_infectious,5.1066392e-05
secondary_neurology,secondary_trauma_burns_poisoning,5.0543273e-05
secondary_genitourinary,secondary_obgyn,5.045649e-05
activity_quantity,length_of_stay,5.031274e-05
secondary_oncology_hematology,secondary_dermatology,5.015545e-05
secondary_trauma_burns_poisoning,secondary_factors_influencing_health_status,4.9954207e-05
secondary_neurology,secondary_dermatology,4.895328e-05
claim_gross,secondary_oncology,4.8707992e-05
primary_diagnosis_code,secondary_oncology,4.861927e-05
encounter_type,secondary_infectious,4.8502476e-05
secondary_oncology,secondary_musculoskeletal,4.7970207e-05
secondary_endocrinology,secondary_external_causes,4.777718e-05
secondary_oncology_hematology,secondary_pulmonology,4.7070287e-05
secondary_gastroenterology_dental,secondary_external_causes,4.675354e-05
encounter_type,secondary_neurology,4.674241e-05
secondary_infectious,secondary_psychiatry,4.4263914e-05
secondary_obgyn,secondary_trauma_burns_poisoning,4.40555e-05
activity_quantity,secondary_neurology,4.2568863e-05
activity_gross,secondary_oncology,4.1824467e-05
patient_age,secondary_oncology,4.167399e-05
secondary_infectious,secondary_genitourinary,4.1169078e-05
nationality,secondary_trauma_burns_poisoning,3.9912135e-05
facility_type,secondary_dermatology,3.861727e-05
primary_diagnosis_category,secondary_congenital,3.7981612e-05
gender,secondary_oncology,3.6339297e-05
secondary_dx_count,secondary_pediatrics,3.6154528e-05
encounter_type,secondary_oncology_hematology,3.4629473e-05
length_of_stay,secondary_eye_ear,3.4472854e-05
encounter_type,secondary_external_causes,3.3585235e-05
length_of_stay,facility_type,3.2290824e-05
facility_type,secondary_eye_ear,3.2198153e-05
secondary_psychiatry,secondary_neurology,3.199838e-05
secondary_endocrinology,secondary_trauma_burns_poisoning,3.1939773e-05
secondary_cardiology,secondary_external_causes,3.1774118e-05
secondary_endocrinology,secondary_congenital,3.1418465e-05
nationality,secondary_obgyn,3.1018622e-05
nationality,secondary_congenital,2.9039418e-05
primary_diagnosis_category,secondary_pediatrics,2.580194e-05
secondary_psychiatry,secondary_genitourinary,2.5243577e-05
activity_quantity,secondary_trauma_burns_poisoning,2.4158302e-05
encounter_type,secondary_pulmonology,2.3742137e-05
secondary_oncology,cpt_category,2.3469423e-05
facility_type,secondary_psychiatry,2.2947184e-05
secondary_musculoskeletal,secondary_congenital,2.1839547e-05
secondary_infectious,secondary_external_causes,2.1308739e-05
length_of_stay,secondary_external_causes,2.0411331e-05
facility_type,secondary_genitourinary,2.0085454e-05
gender,secondary_obgyn,1.9335352e-05
secondary_cardiology,secondary_trauma_burns_poisoning,1.9033518e-05
secondary_eye_ear,secondary_trauma_burns_poisoning,1.8693727e-05
secondary_eye_ear,secondary_obgyn,1.781625e-05
secondary_congenital,secondary_factors_influencing_health_status,1.7188784e-05
activity_quantity,encounter_type,1.7188524e-05
secondary_psychiatry,secondary_dermatology,1.655799e-05
length_of_stay,secondary_obgyn,1.6402755e-05
nationality,secondary_psychiatry,1.5627891e-05
secondary_infectious,secondary_neurology,1.5382466e-05
clinician_profession,secondary_pediatrics,1.4761122e-05
encounter_type,secondary_psychiatry,1.47096325e-05
activity_code,secondary_pediatrics,1.4707228e-05
encounter_type,secondary_musculoskeletal,1.4704632e-05
encounter_type,facility_type,1.456455e-05
gender,secondary_pediatrics,1.44373325e-05
activity_quantity,secondary_oncology_hematology,1.3802007e-05
activity_quantity,secondary_genitourinary,1.3539598e-05
secondary_neurology,secondary_obgyn,1.2728696e-05
activity_quantity,secondary_eye_ear,1.2519204e-05
secondary_psychiatry,secondary_trauma_burns_poisoning,1.2058928e-05
facility_type,secondary_trauma_burns_poisoning,1.1923429e-05
encounter_type,secondary_cardiology,1.1728003e-05
secondary_oncology,secondary_general_symptoms,1.1724667e-05
secondary_dermatology,secondary_external_causes,1.0772493e-05
facility_type,secondary_oncology_hematology,1.0164023e-05
encounter_type,secondary_trauma_burns_poisoning,9.986809e-06
activity_quantity,secondary_external_causes,9.264903e-06
secondary_psychiatry,secondary_eye_ear,9.148245e-06
encounter_type,secondary_dermatology,8.625427e-06
secondary_oncology_hematology,secondary_congenital,8.30717e-06
secondary_genitourinary,secondary_trauma_burns_poisoning,7.9209485e-06
patient_age,secondary_pediatrics,7.593028e-06
activity_quantity,secondary_psychiatry,6.6641837e-06
secondary_gastroenterology_dental,secondary_congenital,6.4964715e-06
secondary_oncology,secondary_endocrinology,6.385108e-06
secondary_pulmonology,secondary_obgyn,6.1726546e-06
secondary_gastroenterology_dental,secondary_obgyn,6.150709e-06
secondary_pulmonology,secondary_external_causes,6.146985e-06
facility_type,secondary_neurology,5.9352637e-06
secondary_oncology_hematology,secondary_external_causes,5.576258e-06
gender,secondary_congenital,5.4711873e-06
secondary_cardiology,secondary_congenital,5.18204e-06
secondary_genitourinary,secondary_external_causes,5.089595e-06
secondary_oncology,secondary_gastroenterology_dental,4.98737e-06
encounter_type,secondary_eye_ear,4.6124583e-06
activity_gross,secondary_pediatrics,4.2125025e-06
secondary_endocrinology,secondary_pediatrics,4.210777e-06
nationality,secondary_oncology,4.0029227e-06
activity_quantity,secondary_obgyn,3.6976217e-06
claim_net,secondary_pediatrics,3.6263968e-06
secondary_oncology,secondary_factors_influencing_health_status,3.591338e-06
secondary_congenital,secondary_trauma_burns_poisoning,3.4729526e-06
secondary_eye_ear,secondary_external_causes,3.4623542e-06
claim_gross,secondary_pediatrics,3.272106e-06
activity_code,secondary_unknown_icd_category,3.2432145e-06
facility_type,secondary_oncology,3.030902e-06
claim_gross,secondary_unknown_icd_category,2.6291586e-06
secondary_pulmonology,secondary_congenital,2.6004227e-06
secondary_oncology,secondary_eye_ear,2.5375339e-06
secondary_psychiatry,secondary_external_causes,2.5279307e-06
secondary_neurology,secondary_external_causes,2.4956446e-06
facility_type,secondary_external_causes,2.1843587e-06
secondary_dx_count,secondary_unknown_icd_category,2.1525136e-06
secondary_pediatrics,cpt_category,2.058359e-06
secondary_oncology,secondary_trauma_burns_poisoning,1.9146576e-06
primary_diagnosis_code,secondary_pediatrics,1.8959229e-06
secondary_genitourinary,secondary_congenital,1.7613854e-06
secondary_oncology,secondary_pulmonology,1.7079034e-06
length_of_stay,secondary_oncology,1.5933466e-06
secondary_neurology,secondary_congenital,1.5716159e-06
secondary_infectious,secondary_oncology,1.5614637e-06
nationality,secondary_unknown_icd_category,1.4121676e-06
secondary_obgyn,secondary_external_causes,1.3136236e-06
secondary_dermatology,secondary_unknown_icd_category,1.2692327e-06
facility_type,secondary_unknown_icd_category,1.2110186e-06
secondary_infectious,secondary_congenital,1.169926e-06
secondary_unknown_icd_category,cpt_category,1.1608871e-06
secondary_infectious,secondary_obgyn,1.1512334e-06
secondary_infectious,secondary_unknown_icd_category,1.1395178e-06
facility_type,secondary_obgyn,1.1214988e-06
secondary_oncology,secondary_oncology_hematology,1.0934781e-06
clinician_profession,secondary_unknown_icd_category,9.5151194e-07
encounter_type,secondary_congenital,8.9023905e-07
activity_quantity,secondary_oncology,8.4664265e-07
secondary_musculoskeletal,secondary_pediatrics,7.8856516e-07
encounter_type,secondary_obgyn,6.800012e-07
length_of_stay,secondary_congenital,6.6984666e-07
secondary_psychiatry,secondary_congenital,6.588439e-07
nationality,secondary_pediatrics,6.495896e-07
secondary_oncology,secondary_dermatology,6.477491e-07
secondary_oncology,secondary_genitourinary,6.241619e-07
primary_diagnosis_code,secondary_unknown_icd_category,5.256938e-07
secondary_oncology,secondary_external_causes,4.3585123e-07
secondary_oncology,secondary_obgyn,3.92633e-07
secondary_infectious,secondary_pediatrics,3.6239965e-07
secondary_eye_ear,secondary_congenital,3.391374e-07
secondary_oncology,secondary_psychiatry,3.304237e-07
claim_net,secondary_unknown_icd_category,3.0345254e-07
facility_type,secondary_congenital,3.0306856e-07
secondary_congenital,secondary_external_causes,2.983222e-07
secondary_oncology,secondary_neurology,2.7907686e-07
secondary_psychiatry,secondary_obgyn,2.7099682e-07
length_of_stay,secondary_pediatrics,2.6208815e-07
secondary_pediatrics,secondary_trauma_burns_poisoning,2.4304424e-07
secondary_cardiology,secondary_pediatrics,2.1894202e-07
secondary_pediatrics,secondary_factors_influencing_health_status,1.8967502e-07
patient_age,secondary_unknown_icd_category,1.8096337e-07
secondary_pulmonology,secondary_pediatrics,1.2838413e-07
secondary_trauma_burns_poisoning,secondary_unknown_icd_category,1.18451766e-07
secondary_gastroenterology_dental,secondary_pediatrics,1.14524134e-07
activity_gross,secondary_unknown_icd_category,1.1069685e-07
secondary_pediatrics,secondary_general_symptoms,9.8528155e-08
primary_diagnosis_category,secondary_unknown_icd_category,8.69454e-08
secondary_psychiatry,secondary_unknown_icd_category,7.322038e-08
secondary_oncology,secondary_congenital,6.699175e-08
secondary_oncology_hematology,secondary_pediatrics,6.695954e-08
activity_quantity,secondary_pediatrics,6.651654e-08
gender,secondary_unknown_icd_category,5.440898e-08
secondary_oncology,secondary_pediatrics,4.7301544e-08
activity_quantity,secondary_congenital,4.4584976e-08
secondary_endocrinology,secondary_unknown_icd_category,4.455771e-08
secondary_factors_influencing_health_status,secondary_unknown_icd_category,3.659585e-08
claim_net,payer_classification,3.5039914e-08
secondary_obgyn,secondary_congenital,2.9017508e-08
secondary_musculoskeletal,secondary_unknown_icd_category,2.4055195e-08
activity_quantity,secondary_unknown_icd_category,2.3945447e-08
secondary_pediatrics,secondary_external_causes,2.3776781e-08
secondary_eye_ear,secondary_pediatrics,2.2065338e-08
secondary_obgyn,secondary_pediatrics,2.1823228e-08
secondary_psychiatry,secondary_pediatrics,2.1735726e-08
activity_code,payer_classification,1.970166e-08
encounter_type,secondary_pediatrics,1.9448784e-08
activity_gross,payer_classification,1.9292502e-08
secondary_gastroenterology_dental,secondary_unknown_icd_category,1.9089013e-08
secondary_cardiology,secondary_unknown_icd_category,1.7540962e-08
secondary_neurology,secondary_pediatrics,1.6439788e-08
length_of_stay,secondary_unknown_icd_category,1.5702975e-08
patient_age,payer_classification,1.4448534e-08
secondary_neurology,secondary_unknown_icd_category,9.713932e-09
facility_type,secondary_pediatrics,8.73424e-09
claim_gross,payer_classification,8.427102e-09
payer_classification,primary_diagnosis_code,8.358853e-09
payer_classification,secondary_dx_count,7.972936e-09
secondary_oncology_hematology,secondary_unknown_icd_category,7.1997066e-09
secondary_obgyn,secondary_unknown_icd_category,6.9344477e-09
secondary_pediatrics,secondary_congenital,6.6929777e-09
secondary_dermatology,secondary_pediatrics,3.8191725e-09
secondary_external_causes,secondary_unknown_icd_category,3.305542e-09
secondary_genitourinary,secondary_pediatrics,2.9584444e-09
clinician_profession,payer_classification,2.9449374e-09
secondary_pulmonology,secondary_unknown_icd_category,1.6581253e-09
payer_classification,secondary_gastroenterology_dental,1.432898e-09
secondary_eye_ear,secondary_unknown_icd_category,1.4178886e-09
secondary_general_symptoms,secondary_unknown_icd_category,1.3083591e-09
activity_quantity,payer_classification,1.1895731e-09
payer_classification,secondary_musculoskeletal,6.684568e-10
secondary_genitourinary,secondary_unknown_icd_category,5.846541e-10
facility_type,payer_classification,1.8872683e-10
gender,payer_classification,9.2137326e-11
encounter_type,secondary_oncology,0.0
length_of_stay,payer_classification,0.0
secondary_oncology,secondary_unknown_icd_category,0.0
encounter_type,payer_classification,0.0
encounter_type,secondary_unknown_icd_category,0.0
payer_classification,secondary_congenital,0.0
payer_classification,secondary_unknown_icd_category,0.0
payer_classification,cpt_category,0.0
payer_classification,secondary_external_causes,0.0
payer_classification,secondary_factors_influencing_health_status,0.0
payer_classification,secondary_trauma_burns_poisoning,0.0
payer_classification,secondary_general_symptoms,0.0
secondary_congenital,secondary_unknown_icd_category,0.0
payer_classification,secondary_pediatrics,0.0
nationality,payer_classification,0.0
payer_classification,primary_diagnosis_category,0.0
payer_classification,secondary_neurology,0.0
payer_classification,secondary_psychiatry,0.0
payer_classification,secondary_endocrinology,0.0
payer_classification,secondary_oncology_hematology,0.0
payer_classification,secondary_oncology,0.0
payer_classification,secondary_infectious,0.0
payer_classification,secondary_cardiology,0.0
payer_classification,secondary_eye_ear,0.0
payer_classification,secondary_dermatology,0.0
payer_classification,secondary_pulmonology,0.0
secondary_dermatology,secondary_congenital,0.0
payer_classification,secondary_genitourinary,0.0
payer_classification,secondary_obgyn,0.0
secondary_pediatrics,secondary_unknown_icd_category,0.0
